{"pltf_diff":{"mean":0.2839782222,"std":0.654719758,"min":0.0,"25%":0.0,"50%":0.0,"75%":0.0,"max":7.0},"techn_diff":{"mean":1.7618590483,"std":1.6214656675,"min":0.0,"25%":1.0,"50%":1.0,"75%":3.0,"max":12.0},"dura_diff":{"mean":12.3836271636,"std":11.2305964064,"min":0.0,"25%":1.0,"50%":7.0,"75%":25.0,"max":81.0},"prz_diff":{"mean":811.8015639594,"std":686.2398773818,"min":0.0,"25%":200.0,"50%":650.0,"75%":1345.0,"max":2999.0}}