{
    "no_overlap_False": {
        "with_phrase_False": 3.2872097512554936,
        "with_phrase_True": 3.945789830651294
    },
    "no_overlap_True": {
        "with_phrase_False": 3.9480557825263647,
        "with_phrase_True": 3.4814889579105532
    }
}